dataset,species,guild,d2H,long,lat
kusack,ABDU,Dabblers,-101.8,-64.75,45.73
kusack,ABDU,Dabblers,-99.7,-64.75,45.73
kusack,ABDU,Dabblers,-99.5,-64.75,45.73
kusack,ABDU,Dabblers,-107.5,-64.37,45.7
kusack,ABDU,Dabblers,-134.2,-71.96,48.73
kusack,ABDU,Dabblers,-118,-76.86,48.78
kusack,ABDU,Dabblers,-114.9,-76.86,48.78
kusack,ABDU,Dabblers,-134.8,-76.86,48.78
kusack,ABDU,Dabblers,-123.3,-76.88,48.78
kusack,ABDU,Dabblers,-112.6,-76.88,48.78
kusack,ABDU,Dabblers,-116.4,-76.9,48.77
kusack,ABDU,Dabblers,-94.7,-82.83,49.56
kusack,ABDU,Dabblers,-103.9,-82.83,49.56
kusack,BWTE,Dabblers,-111.7,-77.02709,45.73422
kusack,BWTE,Dabblers,-109.1,-77.02709,45.73422
kusack,MALL,Dabblers,-124.9347759,-77.03268,45.7342
kusack,MALL,Dabblers,-118.49,-77.03268,45.7342
kusack,WODU,Dabblers,-128.6,-78.581574,44.430428
kusack,WODU,Dabblers,-133.13,-78.581574,44.430428
kusack,WODU,Dabblers,-104.42,-81.1825,42.852864
kusack,WODU,Dabblers,-92.35,-81.1825,42.852864
kusack,WODU,Dabblers,-88.39,-81.09845,42.867608
kusack,WODU,Dabblers,-83.06,-81.09845,42.867608
kusack,WODU,Dabblers,-99.72,-81.09845,42.867608
kusack,MALL,Dabblers,-100.23,-81.263947,42.907314
kusack,MALL,Dabblers,-102.2,-81.263947,42.907314
kusack,ABDU,Dabblers,-119.05,-76.87,48.79
kusack,ABDU,Dabblers,-109.78,-76.87,48.79
kusack,ABDU,Dabblers,-119.09,-76.87,48.79
kusack,ABDU,Dabblers,-133.76,-76.87,48.79
kusack,ABDU,Dabblers,-116.73,-76.87,48.79
kusack,ABDU,Dabblers,-106.82,-76.87,48.79
kusack,ABDU,Dabblers,-112.38,-76.87,48.79
kusack,ABDU,Dabblers,-124.06,-76.87,48.79
kusack,MALL,Dabblers,-121.67,-76.87,48.79
kusack,MALL,Dabblers,-125.31,-76.87,48.79
kusack,MALL,Dabblers,-118.62,-76.87,48.79
kusack,MALL,Dabblers,-134.68,-76.87,48.79
kusack,MALL,Dabblers,-134.53,-76.87,48.79
kusack,MALL,Dabblers,-136.26,-76.87,48.79
kusack,MALL,Dabblers,-137.72,-76.87,48.79
kusack,MALL,Dabblers,-132.56,-76.87,48.79
kusack,ABDU,Dabblers,-118.21,-72.07,48.75
kusack,ABDU,Dabblers,-122.18,-72.07,48.75
kusack,ABDU,Dabblers,-116.86,-72.07,48.75
kusack,ABDU,Dabblers,-127.5,-72.07,48.75
kusack,MALL,Dabblers,-111.86,-71.909919,41.919467
kusack,MALL,Dabblers,-97.67,-71.59217,42.54259
kusack,MALL,Dabblers,-103.44,-70.927222,42.120278
kusack,MALL,Dabblers,-92.65,-71.690833,42.091944
kusack,MALL,Dabblers,-100.2,-70.909167,41.747222
kusack,MALL,Dabblers,-104.02,-70.909167,41.747222
kusack,WODU,Dabblers,-89.16,-71.32709,42.47175
kusack,WODU,Dabblers,-93.87,-71.32709,42.47175
kusack,WODU,Dabblers,-101.44,-71.32709,42.47175
kusack,WODU,Dabblers,-100.8,-71.32709,42.47175
kusack,WODU,Dabblers,-81.82,-71.32709,42.47175
kusack,WODU,Dabblers,-124,-76.224118,40.277459
kusack,WODU,Dabblers,-106.3,-76.224118,40.277459
kusack,WODU,Dabblers,-94.96,-76.224118,40.277459
kusack,MALL,Dabblers,-129.38,-77.119294,42.494208
kusack,MALL,Dabblers,-125.09,-77.119294,42.494208
kusack,WODU,Dabblers,-100.77,-77.119294,42.494208
kusack,WODU,Dabblers,-98.06,-77.119294,42.494208
kusack,WODU,Dabblers,-98.05,-77.119294,42.494208
kusack,WODU,Dabblers,-93.13,-77.119294,42.494208
kusack,MALL,Dabblers,-115.56,-77.063252,42.655177
kusack,MALL,Dabblers,-124.3,-76.12508,43.24227
kusack,WODU,Dabblers,-130.67,-75.890406,44.120575
kusack,MALL,Dabblers,-98.39,-71.301111,42.89167
kusack,MALL,Dabblers,-106.78,-71.145706,41.694518
kusack,MALL,Dabblers,-95.2,-71.145706,41.694518
kusack,WODU,Dabblers,-120.25,-71.010556,42.550636
kusack,AGWT,Dabblers,-133.71525,-81.5815,43.6609
kusack,AGWT,Dabblers,-102.57108,-76.8998,45.813
kusack,AGWT,Dabblers,-96.00776,-78.7264,44.2587
kusack,AGWT,Dabblers,-99.7808,-80.513,42.5794
kusack,RNDU,Divers,-110.44422,-88.4827,48.8323
kusack,RNDU,Divers,-111.27925,-89.5009,48.3648
kusack,RNDU,Divers,-110.14007,-89.2668,49.2186
kusack,ABDU,Dabblers,-93.44895,-79.5001,44.9551
kusack,WODU,Dabblers,-136.80731,-75.16602,45.5503
kusack,WODU,Dabblers,-141.60814,-75.166,45.5503
kusack,WODU,Dabblers,-137.7245,-75.166,45.5503
kusack,AGWT,Dabblers,-95.41131,-78.7247,44.2133
kusack,COME,Divers,-112.34733,-81.0273,50.1814
kusack,MALL,Dabblers,-119.8197398,-76.7124,45.27485
kusack,MALL,Dabblers,-129.2918523,-76.7124,45.27485
kusack,MALL,Dabblers,-133.6166968,-76.7124,45.27485
kusack,WODU,Dabblers,-122.748855,-79.54838,46.12064
kusack,WODU,Dabblers,-118.04358,-79.54838,46.12064
kusack,RNDU,Divers,-149.396384,-83.24963,49.61858
kusack,RNDU,Divers,-144.326816,-83.24963,49.61858
kusack,RNDU,Divers,-143.866016,-83.24963,49.61858
kusack,RNDU,Divers,-139.58288,-83.24963,49.61858
kusack,RNDU,Divers,-139.612064,-83.24963,49.61858
kusack,RNDU,Divers,-144.475808,-83.24963,49.61858
kusack,WODU,Dabblers,-82.1,-75.813381,39.275463
kusack,WODU,Dabblers,-91.66,-75.813381,39.275463
kusack,WODU,Dabblers,-93.6,-75.813381,39.275463
kusack,WODU,Dabblers,-98.68,-75.813381,39.275463
kusack,WODU,Dabblers,-99.24,-75.813381,39.275463
kusack,WODU,Dabblers,-110.48,-75.813381,39.275463
kusack,WODU,Dabblers,-69.38,-75.813381,39.275463
kusack,WODU,Dabblers,-83.5,-75.813381,39.275463
kusack,WODU,Dabblers,-113.39,-75.813381,39.275463
kusack,WODU,Dabblers,-105.7,-75.813381,39.275463
kusack,WODU,Dabblers,-99.31,-75.813381,39.275463
kusack,WODU,Dabblers,-84.32,-75.813381,39.275463
kusack,WODU,Dabblers,-84.81,-75.813381,39.275463
kusack,WODU,Dabblers,-103.66,-75.813381,39.275463
kusack,WODU,Dabblers,-121.05,-75.813381,39.275463
kusack,WODU,Dabblers,-84.39,-75.813381,39.275463
kusack,WODU,Dabblers,-67.24,-75.813381,39.275463
kusack,WODU,Dabblers,-96.38,-75.813381,39.275463
kusack,WODU,Dabblers,-95.43,-75.813381,39.275463
kusack,WODU,Dabblers,-115.41,-75.813381,39.275463
kusack,WODU,Dabblers,-73.84,-75.813381,39.275463
kusack,WODU,Dabblers,-107.07,-75.813381,39.275463
kusack,WODU,Dabblers,-98.21,-82.993648,41.439099
kusack,WODU,Dabblers,-111.72,-82.993648,41.439099
kusack,WODU,Dabblers,-114.56,-82.993648,41.439099
kusack,WODU,Dabblers,-73.01,-77.35919,38.3482
kusack,WODU,Dabblers,-80.64,-77.35919,38.3482
kusack,WODU,Dabblers,-101.6,-77.35919,38.3482
kusack,WODU,Dabblers,-78.85,-77.35919,38.3482
kusack,WODU,Dabblers,-91.55,-77.35919,38.3482
kusack,WODU,Dabblers,-93.47,-77.3336,38.51054
kusack,WODU,Dabblers,-95,-77.3336,38.51054
kusack,WODU,Dabblers,-94.15,-77.3336,38.51054
kusack,MALL,Dabblers,-76.28,-86.1414,41.62176
kusack,MALL,Dabblers,-103.05,-72.09111,42.20389
kusack,MALL,Dabblers,-100.19,-71.69083,43.08361
kusack,MALL,Dabblers,-104.36,-84.591813,42.718783
kusack,MALL,Dabblers,-75.7,-85.610556,42.874868
kusack,MALL,Dabblers,-82.53,-74.999817,39.847257
kusack,MALL,Dabblers,-104.3,-80.41387,41.61395
kusack,MALL,Dabblers,-117.61,-80.41387,41.61395
kusack,MALL,Dabblers,-78.62,-89.814935,44.691552
kusack,MALL,Dabblers,-128.03,-89.314011,43.008535
kusack,MALL,Dabblers,-123.13,-89.372362,43.060436
kusack,MALL,Dabblers,-123.18,-89.372362,43.060436
kusack,MALL,Dabblers,-130.35,-89.372362,43.060436
kusack,MALL,Dabblers,-116.4076138,-89.520966,45.93319
kusack,MALL,Dabblers,-111.6110192,-89.520966,45.93319
kusack,MALL,Dabblers,-137.7171691,-89.520966,45.93319
kusack,MALL,Dabblers,-131.5941539,-89.520966,45.93319
kusack,MALL,Dabblers,-128.5896258,-89.520966,45.93319
kusack,MALL,Dabblers,-110.0246033,-89.520966,45.93319
kusack,MALL,Dabblers,-110.2431594,-89.520966,45.93319
kusack,MALL,Dabblers,-100.1848683,-89.520966,45.93319
kusack,MALL,Dabblers,-144.5177898,-89.520966,45.93319
kusack,MALL,Dabblers,-136.7474899,-89.520966,45.93319
kusack,MALL,Dabblers,-123.0938986,-89.647875,45.926351
kusack,MALL,Dabblers,-121.1188026,-89.647875,45.926351
kusack,MALL,Dabblers,-96.29450641,-89.647875,45.926351
kusack,MALL,Dabblers,-136.1554576,-89.647875,45.926351
kusack,MALL,Dabblers,-117.1651993,-89.647875,45.926351
kusack,MALL,Dabblers,-120.763183,-89.647875,45.926351
kusack,WODU,Dabblers,-106.5745306,-89.906362,44.705764
kusack,WODU,Dabblers,-94.31736018,-89.906362,44.705764
kusack,WODU,Dabblers,-101.568795,-89.906362,44.705764
kusack,WODU,Dabblers,-103.4857889,-89.906362,44.705764
kusack,WODU,Dabblers,-100.6614601,-89.906362,44.705764
kusack,WODU,Dabblers,-108.5395173,-89.906362,44.705764
kusack,WODU,Dabblers,-107.0173318,-89.906362,44.705764
kusack,WODU,Dabblers,-99.42360902,-89.906362,44.705764
kusack,WODU,Dabblers,-104.5479683,-89.906362,44.705764
kusack,WODU,Dabblers,-106.6198068,-89.906362,44.705764
kusack,RNDU,Divers,-125.0499332,-88.557148,44.657134
kusack,RNDU,Divers,-130.7692217,-88.557148,44.657134
kusack,MALL,Dabblers,-112.2325761,-89.623384,45.866895
kusack,MALL,Dabblers,-123.6610138,-89.623384,45.866895
kusack,MALL,Dabblers,-119.9359623,-89.623384,45.866895
kusack,MALL,Dabblers,-115.2097178,-89.623384,45.866895
kusack,MALL,Dabblers,-110.8953781,-89.623384,45.866895
kusack,MALL,Dabblers,-130.0451109,-89.623384,45.866895
kusack,MALL,Dabblers,-120.7009282,-89.623384,45.866895
kusack,MALL,Dabblers,-122.0628576,-89.623384,45.866895
kusack,MALL,Dabblers,-114.8191332,-89.623384,45.866895
kusack,MALL,Dabblers,-130.2421088,-89.623384,45.866895
kusack,MALL,Dabblers,-95.63272985,-89.892066,45.871239
kusack,MALL,Dabblers,-108.4307721,-89.892066,45.871239
kusack,MALL,Dabblers,-107.2018804,-89.892066,45.871239
kusack,MALL,Dabblers,-85.45535685,-89.892066,45.871239
kusack,MALL,Dabblers,-97.78691489,-89.892066,45.871239
kusack,MALL,Dabblers,-102.8235803,-89.892066,45.871239
kusack,MALL,Dabblers,-101.0813,-89.892066,45.871239
kusack,MALL,Dabblers,-98.17067707,-89.892066,45.871239
kusack,MALL,Dabblers,-72.2940197,-89.892066,45.871239
kusack,MALL,Dabblers,-97.00404004,-89.892066,45.871239
kusack,MALL,Dabblers,-94.27677015,-88.523421,44.804996
kusack,MALL,Dabblers,-124.2903838,-88.523421,44.804996
kusack,MALL,Dabblers,-100.2191143,-88.523421,44.804996
kusack,MALL,Dabblers,-109.7040098,-88.523421,44.804996
kusack,MALL,Dabblers,-113.3002878,-88.523421,44.804996
kusack,MALL,Dabblers,-114.6434554,-88.523421,44.804996
kusack,MALL,Dabblers,-111.7550054,-88.523421,44.804996
kusack,MALL,Dabblers,-114.3159784,-89.321544,43.014702
kusack,MALL,Dabblers,-121.1017465,-89.38084,43.061471
kusack,MALL,Dabblers,-113.1177876,-89.38084,43.061471
kusack,MALL,Dabblers,-117.2231901,-89.38084,43.061471
kusack,MALL,Dabblers,-123.4657215,-89.38084,43.061471
kusack,MALL,Dabblers,-119.3074451,-89.38084,43.061471
kusack,MALL,Dabblers,-97.76047794,-89.38084,43.061471
kusack,MALL,Dabblers,-137.2018491,-89.38084,43.061471
kusack,MALL,Dabblers,-134.4242638,-89.38084,43.061471
kusack,MALL,Dabblers,-133.4947065,-89.38084,43.061471
kusack,WODU,Dabblers,-117.1720218,-88.584567,44.597651
kusack,WODU,Dabblers,-96.89743944,-89.819242,44.703484
kusack,WODU,Dabblers,-117.6538565,-89.819242,44.703484
kusack,WODU,Dabblers,-102.6035566,-89.819242,44.703484
kusack,WODU,Dabblers,-111.8718397,-91.18087,43.36097
kusack,WODU,Dabblers,-114.3500906,-91.18087,43.36097
kusack,WODU,Dabblers,-111.6884866,-91.18087,43.36097
kusack,WODU,Dabblers,-90.095468,-88.629448,44.521859
kusack,MALL,Dabblers,-124.31,-95.52527778,47.69222222
kusack,MALL,Dabblers,-129.25,-95.52527778,47.69222222
kusack,MALL,Dabblers,-117.6,-95.52527778,47.69222222
kusack,MALL,Dabblers,-134.27,-95.52527778,47.69222222
kusack,RNDU,Divers,-120.56,-95.52527778,47.69222222
kusack,RNDU,Divers,-112.93,-95.52527778,47.69222222
kusack,MALL,Dabblers,-127.74,-94.86833333,47.6575
kusack,MALL,Dabblers,-128.98,-94.86833333,47.6575
kusack,MALL,Dabblers,-122.76,-94.86833333,47.6575
kusack,MALL,Dabblers,-147.11,-94.28333333,47.59805556
kusack,MALL,Dabblers,-144.27,-94.28333333,47.59805556
kusack,MALL,Dabblers,-153.75,-94.28333333,47.59805556
kusack,MALL,Dabblers,-149.67,-94.16722222,47.61916667
kusack,MALL,Dabblers,-149.74,-94.16722222,47.61916667
kusack,MALL,Dabblers,-147.99,-94.16722222,47.61916667
kusack,MALL,Dabblers,-122.48,-94.11916667,47.64472222
kusack,MALL,Dabblers,-113.88,-94.11916667,47.64472222
kusack,RNDU,Divers,-79.9,-95.24444444,47.64166667
kusack,MALL,Dabblers,-149.29,-95.525,47.675
kusack,MALL,Dabblers,-143.01,-95.525,47.675
kusack,MALL,Dabblers,-122.89,-95.00833333,47.675
kusack,RNDU,Divers,-119.18,-95.525,47.6725
kusack,RNDU,Divers,-136.45,-95.525,47.6725
kusack,RNDU,Divers,-128.35,-95.00833333,47.675
kusack,MALL,Dabblers,-114.94,-93.75472222,47.26861111
kusack,RNDU,Divers,-118.1,-93.75472222,47.26861111
kusack,RNDU,Divers,-115.66,-93.75472222,47.26861111
kusack,MALL,Dabblers,-131.03,-94.2875,47.53138889
kusack,RNDU,Divers,-138.89,-94.2875,47.53138889
kusack,MALL,Dabblers,-112.76,-95.89305556,48.49166667
kusack,MALL,Dabblers,-119.66,-95.84083333,48.49111111
kusack,RNDU,Divers,-129.1,-95.89305556,48.49166667
kusack,MALL,Dabblers,-128.51,-96.09166667,48.25833333
kusack,RNDU,Divers,-137.63,-95.09861111,47.67888889
kusack,RNDU,Divers,-140.75,-95.09861111,47.67888889
kusack,RNDU,Divers,-119.01,-96.01111111,47.68
kusack,RNDU,Divers,-103.56,-95.29472222,47.39444444
kusack,RNDU,Divers,-95,-95.29472222,47.39444444
kusack,RNDU,Divers,-117.15,-93.77527778,47.30972222
kusack,RNDU,Divers,-111.72,-93.77527778,47.30972222
kusack,RNDU,Divers,-120.14,-93.77527778,47.30972222
kusack,RNDU,Divers,-123.51,-94.25805556,47.75
kusack,RNDU,Divers,-118.43,-94.25805556,47.75
kusack,RNDU,Divers,-115.96,-94.3425,47.87305556
clark,LESC,Divers,-182,-147.433333,66.616667
clark,LESC,Divers,-179,-147.433333,66.616667
clark,LESC,Divers,-144,-147.433333,66.616667
clark,LESC,Divers,-143,-147.433333,66.616667
clark,LESC,Divers,-166,-147.433333,66.616667
clark,LESC,Divers,-150,-147.433333,66.616667
clark,LESC,Divers,-154,-147.433333,66.616667
clark,LESC,Divers,-157,-147.433333,66.616667
clark,LESC,Divers,-163,-147.433333,66.616667
clark,LESC,Divers,-162,-147.433333,66.616667
clark,LESC,Divers,-168,-147.433333,66.616667
clark,LESC,Divers,-165,-147.433333,66.616667
clark,LESC,Divers,-157,-147.433333,66.616667
clark,LESC,Divers,-157,-147.433333,66.616667
clark,LESC,Divers,-155,-147.433333,66.616667
clark,LESC,Divers,-150,-147.433333,66.616667
clark,LESC,Divers,-127,-106.066667,52.216667
clark,LESC,Divers,-122,-106.066667,52.216667
clark,LESC,Divers,-119,-106.066667,52.216667
clark,LESC,Divers,-133,-106.066667,52.216667
clark,LESC,Divers,-132,-106.066667,52.216667
clark,LESC,Divers,-121,-106.066667,52.216667
clark,LESC,Divers,-124,-106.066667,52.216667
clark,LESC,Divers,-115,-106.066667,52.216667
clark,LESC,Divers,-124,-106.066667,52.216667
clark,LESC,Divers,-117,-106.066667,52.216667
clark,LESC,Divers,-123,-106.066667,52.216667
clark,LESC,Divers,-167,-114.351273,62.4557531
clark,LESC,Divers,-172,-114.351273,62.4557531
clark,LESC,Divers,-155,-114.351273,62.4557531
clark,LESC,Divers,-164,-114.351273,62.4557531
clark,LESC,Divers,-165,-114.351273,62.4557531
clark,LESC,Divers,-168,-114.351273,62.4557531
clark,LESC,Divers,-162,-114.351273,62.4557531
clark,LESC,Divers,-157,-114.351273,62.4557531
clark,LESC,Divers,-157,-114.351273,62.4557531
clark,LESC,Divers,-154,-114.351273,62.4557531
clark,LESC,Divers,-168,-114.351273,62.4557531
clark,LESC,Divers,-173,-114.351273,62.4557531
clark,LESC,Divers,-168,-114.351273,62.4557531
clark,LESC,Divers,-161,-114.351273,62.4557531
clark,LESC,Divers,-173,-114.351273,62.4557531
clark,LESC,Divers,-156,-114.351273,62.4557531
clark,LESC,Divers,-157,-114.351273,62.4557531
clark,LESC,Divers,-160,-114.351273,62.4557531
clark,LESC,Divers,-147,-114.351273,62.4557531
clark,LESC,Divers,-123,-122.4,51.8832999
clark,LESC,Divers,-110,-122.4,51.8832999
clark,LESC,Divers,-113,-122.4,51.8832999
clark,LESC,Divers,-110,-122.4,51.8832999
clark,LESC,Divers,-119,-122.4,51.8832999
clark,LESC,Divers,-104,-122.4,51.8832999
clark,LESC,Divers,-128,-122.4,51.8832999
clark,LESC,Divers,-125,-122.4,51.8832999
clark,LESC,Divers,-124,-122.4,51.8832999
clark,LESC,Divers,-130,-122.4,51.8832999
clark,LESC,Divers,-113,-111.9791666,54.7702777
clark,LESC,Divers,-114,-111.9791666,54.7702777
clark,LESC,Divers,-133,-111.9791666,54.7702777
clark,LESC,Divers,-114,-111.9791666,54.7702777
clark,LESC,Divers,-119,-111.9791666,54.7702777
clark,LESC,Divers,-149,-111.9791666,54.7702777
clark,LESC,Divers,-158,-117.2986111,56.2358333
clark,LESC,Divers,-156,-117.2986111,56.2358333
clark,LESC,Divers,-154,-117.2986111,56.2358333
clark,LESC,Divers,-162,-117.2986111,56.2358333
clark,LESC,Divers,-145,-117.2986111,56.2358333
clark,LESC,Divers,-165,-117.2986111,56.2358333
clark,LESC,Divers,-138,-133.7247821,68.359654
clark,LESC,Divers,-157,-133.7247821,68.359654
clark,LESC,Divers,-146,-133.7247821,68.359654
clark,LESC,Divers,-149,-133.7247821,68.359654
clark,LESC,Divers,-154,-133.7247821,68.359654
hebert,NOPI,Dabblers,-143.63,-135,63.4
hebert,NOPI,Dabblers,-186.72,-135,63.4
hebert,NOPI,Dabblers,-172.26,-135,63.4
hebert,NOPI,Dabblers,-180.34,-135,63.4
hebert,NOPI,Dabblers,-176.8,-112,50.5
hebert,MALL,Dabblers,-144,-112,50.5
hebert,MALL,Dabblers,-129,-112,50.5
hebert,MALL,Dabblers,-122,-112,50.5
hebert,MALL,Dabblers,-165,-112,50.5
hebert,MALL,Dabblers,-157,-112,50.5
hebert,MALL,Dabblers,-153,-112,50.5
hebert,NOPI,Dabblers,-135,-112,50.5
hebert,NOPI,Dabblers,-142,-112,50.5
hebert,MALL,Dabblers,-142,-112,50.5
hebert,MALL,Dabblers,-133,-112,50.5
hebert,NOPI,Dabblers,-128.91,-112,50.5
hebert,MALL,Dabblers,-160.39,-112,50.5
hebert,MALL,Dabblers,-159.43,-112,50.5
hebert,MALL,Dabblers,-159.32,-112,50.5
hebert,MALL,Dabblers,-165.01,-112,50.5
hebert,MALL,Dabblers,-176.58,-112,50.5
hebert,NOPI,Dabblers,-91,-113.1,52.4
hebert,NOPI,Dabblers,-101,-113.1,52.4
hebert,MALL,Dabblers,-101,-113.1,52.4
hebert,MALL,Dabblers,-131,-113.1,52.4
hebert,MALL,Dabblers,-134,-113.1,52.4
hebert,NOPI,Dabblers,-124,-163.8,61.5
hebert,NOPI,Dabblers,-124,-163.8,61.5
hebert,NOPI,Dabblers,-122,-163.8,61.5
hebert,NOPI,Dabblers,-130,-163.8,61.5
hebert,NOPI,Dabblers,-123,-163.8,61.5
hebert,MALL,Dabblers,-128,-163.8,61.5
hebert,MALL,Dabblers,-133,-163.8,61.5
hebert,NOPI,Dabblers,-124,-163.8,61.5
hebert,NOPI,Dabblers,-126,-163.8,61.5
hebert,NOPI,Dabblers,-123,-163.8,61.5
hebert,NOPI,Dabblers,-136.81,-163.8,61.5
hebert,NOPI,Dabblers,-136.27,-163.8,61.5
hebert,NOPI,Dabblers,-134.14,-163.8,61.5
hebert,NOPI,Dabblers,-127.63,-163.8,61.5
hebert,NOPI,Dabblers,-134.93,-163.8,61.5
hebert,NOPI,Dabblers,-200,-148,64.7
hebert,NOPI,Dabblers,-209,-148,64.7
hebert,MALL,Dabblers,-180.66,-148,64.7
hebert,MALL,Dabblers,-180.52,-148,64.7
hebert,MALL,Dabblers,-179.82,-148,64.7
hebert,MALL,Dabblers,-178.91,-148,64.7
hebert,NOPI,Dabblers,-145,-151,61.5
hebert,NOPI,Dabblers,-135,-151,61.5
hebert,NOPI,Dabblers,-139,-151,61.5
hebert,NOPI,Dabblers,-137,-151,61.5
hebert,NOPI,Dabblers,-145,-151,61.5
hebert,MALL,Dabblers,-137,-151,61.5
hebert,MALL,Dabblers,-149,-151,61.5
hebert,MALL,Dabblers,-136,-151,61.5
hebert,MALL,Dabblers,-112,-151,61.5
hebert,MALL,Dabblers,-118,-151,61.5
hebert,NOPI,Dabblers,-126,-151,61.5
hebert,NOPI,Dabblers,-131,-151,61.5
hebert,NOPI,Dabblers,-134,-151,61.5
hebert,NOPI,Dabblers,-125,-151,61.5
hebert,MALL,Dabblers,-124.79,-151,61.5
hebert,MALL,Dabblers,-118.44,-151,61.5
hebert,MALL,Dabblers,-114.64,-151,61.5
hebert,MALL,Dabblers,-115.55,-151,61.5
hebert,NOPI,Dabblers,-161,-115.5,62.8
hebert,MALL,Dabblers,-155,-115.5,62.8
hebert,MALL,Dabblers,-158,-115.5,62.8
hebert,MALL,Dabblers,-158,-115.5,62.8
hebert,MALL,Dabblers,-167,-115.5,62.8
hebert,MALL,Dabblers,-165,-115.5,62.8
hebert,MALL,Dabblers,-161.6,-115.5,62.8
hebert,MALL,Dabblers,-164.02,-115.5,62.8
hebert,MALL,Dabblers,-157.76,-115.5,62.8
hebert,MALL,Dabblers,-161.03,-115.5,62.8
hebert,MALL,Dabblers,-154.97,-115.5,62.8
hebert,NOPI,Dabblers,-139,-103.6,51.6
hebert,MALL,Dabblers,-108,-103.6,51.6
hebert,MALL,Dabblers,-101,-103.6,51.6
hebert,MALL,Dabblers,-110,-103.6,51.6
hebert,MALL,Dabblers,-114,-103.6,51.6
hebert,NOPI,Dabblers,-127.01,-103.6,51.6
hebert,NOPI,Dabblers,-126.98,-103.6,51.6
hebert,MALL,Dabblers,-141.5,-103.6,51.6
hebert,MALL,Dabblers,-105.53,-103.6,51.6
hebert,MALL,Dabblers,-143.02,-103.6,51.6
hebert,MALL,Dabblers,-143.63,-113.2,53.12
hebert,MALL,Dabblers,-141.17,-113.2,53.12
hebert,MALL,Dabblers,-141,-113.2,53.12
hebert,MALL,Dabblers,-135,-113.2,53.12
hebert,MALL,Dabblers,-125.33,-113.2,53.12
hebert,MALL,Dabblers,-137.34,-113.2,53.12
hebert,MALL,Dabblers,-123.58,-113.2,53.12
hebert,MALL,Dabblers,-142,-117.4,56.1
hebert,MALL,Dabblers,-146,-117.4,56.1
hebert,MALL,Dabblers,-136,-117.4,56.1
hebert,MALL,Dabblers,-170.66,-117.4,56.1
hebert,MALL,Dabblers,-147.61,-117.4,56.1
hebert,MALL,Dabblers,-160.22,-117.4,56.1
hebert,MALL,Dabblers,-157,-117.4,56.1
hebert,MALL,Dabblers,-142,-117.4,56.1
hebert,MALL,Dabblers,-151,-117.4,56.1
hebert,MALL,Dabblers,-159,-117.4,56.1
hebert,MALL,Dabblers,-140.86,-117.4,56.1
hebert,MALL,Dabblers,-150.93,-117.4,56.1
hebert,MALL,Dabblers,-115.37,-113.4,50.3
hebert,MALL,Dabblers,-140,-113.4,50.3
hebert,MALL,Dabblers,-130,-113.4,50.3
hebert,MALL,Dabblers,-106,-113.4,50.3
hebert,MALL,Dabblers,-139,-113.4,50.3
hebert,NOPI,Dabblers,-152,-113.4,50.3
hebert,NOPI,Dabblers,-123,-113.4,50.3
hebert,MALL,Dabblers,-122,-113.4,50.3
hebert,MALL,Dabblers,-126,-113.4,50.3
hebert,MALL,Dabblers,-128,-113.4,50.3
hebert,MALL,Dabblers,-135.62,-113.4,50.3
hebert,MALL,Dabblers,-141.93,-113.4,50.3
hebert,MALL,Dabblers,-143.52,-113.4,50.3
hebert,MALL,Dabblers,-147.56,-113.4,50.3
hebert,MALL,Dabblers,-147.31,-113.4,50.3
hebert,MALL,Dabblers,-151,-118.3,56
hebert,MALL,Dabblers,-158,-118.3,56
hebert,MALL,Dabblers,-153.3,-118.3,56
hebert,MALL,Dabblers,-155.82,-118.3,56
hebert,MALL,Dabblers,-164.9,-118.3,56
hebert,MALL,Dabblers,-159.89,-118.3,56
hebert,MALL,Dabblers,-163.63,-118.3,56
hebert,MALL,Dabblers,-171.56,-118.3,56
hebert,MALL,Dabblers,-146.29,-118.3,56
hebert,MALL,Dabblers,-164.06,-118.3,56
hebert,MALL,Dabblers,-155.08,-118.3,56
hebert,MALL,Dabblers,-152.64,-118.3,56
hebert,MALL,Dabblers,-171,-112.4,52.2
hebert,MALL,Dabblers,-135,-112.4,52.2
hebert,MALL,Dabblers,-141,-112.4,52.2
hebert,MALL,Dabblers,-144,-112.4,52.2
hebert,MALL,Dabblers,-173,-112.4,52.2
hebert,MALL,Dabblers,-120.29,-110.6,50.05
hebert,MALL,Dabblers,-133.8,-110.6,50.05
hebert,MALL,Dabblers,-126.43,-110.6,50.05
hebert,MALL,Dabblers,-135.03,-110.6,50.05
hebert,MALL,Dabblers,-106.77,-120.84,37.1
hebert,MALL,Dabblers,-72.38,-120.84,37.1
hebert,MALL,Dabblers,-69.92,-120.84,37.1
hebert,MALL,Dabblers,-74.83,-120.84,37.1
hebert,MALL,Dabblers,-93.26,-120.84,37.1
hebert,NOPI,Dabblers,-109.55,-120.84,37.1
hebert,NOPI,Dabblers,-111.57,-120.84,37.1
hebert,NOPI,Dabblers,-114.31,-120.84,37.1
hebert,NOPI,Dabblers,-109.68,-120.84,37.1
hebert,NOPI,Dabblers,-105.47,-120.84,37.1
hebert,MALL,Dabblers,-106.57,-120.84,37.1
hebert,MALL,Dabblers,-82.72,-120.84,37.1
hebert,MALL,Dabblers,-102.59,-120.84,37.1
hebert,MALL,Dabblers,-108.82,-120.84,37.1
hebert,MALL,Dabblers,-99.02,-120.84,37.1
hebert,MALL,Dabblers,-100.63,-121.6,41.8
hebert,MALL,Dabblers,-98.17,-121.6,41.8
hebert,MALL,Dabblers,-104.32,-121.6,41.8
hebert,MALL,Dabblers,-96.95,-121.6,41.8
hebert,MALL,Dabblers,-92.03,-121.6,41.8
hebert,MALL,Dabblers,-96.95,-121.6,41.8
hebert,NOPI,Dabblers,-87,-121.6,41.8
hebert,MALL,Dabblers,-86,-121.6,41.8
hebert,MALL,Dabblers,-74,-121.6,41.8
hebert,MALL,Dabblers,-112,-121.6,41.8
hebert,MALL,Dabblers,-104.83,-121.6,41.8
hebert,MALL,Dabblers,-90.8,-121.6,41.8
hebert,MALL,Dabblers,-111.86,-121.6,41.8
hebert,MALL,Dabblers,-106.35,-121.6,41.8
hebert,MALL,Dabblers,-107.56,-121.6,41.8
hebert,MALL,Dabblers,-93.26,-121.58,38.09
hebert,MALL,Dabblers,-104.32,-121.58,38.09
hebert,MALL,Dabblers,-94.49,-121.58,38.09
hebert,MALL,Dabblers,-114.14,-121.58,38.09
hebert,MALL,Dabblers,-93.26,-121.58,38.09
hebert,MALL,Dabblers,-104.32,-121.58,38.09
hebert,MALL,Dabblers,-99.79,-121.58,38.09
hebert,MALL,Dabblers,-86.24,-121.58,38.09
hebert,MALL,Dabblers,-99.81,-121.58,38.09
hebert,MALL,Dabblers,-125,-104.5,45.5
hebert,MALL,Dabblers,-120,-104.5,45.5
hebert,MALL,Dabblers,-141,-104.5,45.5
hebert,MALL,Dabblers,-144,-104.5,45.5
hebert,MALL,Dabblers,-137,-104.5,45.5
hebert,MALL,Dabblers,-135,-104.5,45.5
hebert,MALL,Dabblers,-112,-99,44.5
hebert,MALL,Dabblers,-102,-99,44.5
hebert,MALL,Dabblers,-131,-99,44.5
hebert,MALL,Dabblers,-94,-99,44.5
hebert,MALL,Dabblers,-102,-99,44.5
hebert,MALL,Dabblers,-118,-99,44.5
hebert,MALL,Dabblers,-131.34,-98.3,46.8
hebert,MALL,Dabblers,-131.34,-98.3,46.8
hebert,MALL,Dabblers,-139.94,-98.3,46.8
hebert,MALL,Dabblers,-132.57,-98.3,46.8
hebert,MALL,Dabblers,-126.43,-98.3,46.8
hebert,MALL,Dabblers,-142.4,-98.3,46.8
hebert,MALL,Dabblers,-117.83,-102.6,47.3
hebert,MALL,Dabblers,-132.57,-102.6,47.3
hebert,MALL,Dabblers,-105.54,-102.6,47.3
hebert,MALL,Dabblers,-122.74,-102.6,47.3
hebert,MALL,Dabblers,-127.66,-102.6,47.3
hebert,MALL,Dabblers,-97,-101,46.5
hebert,MALL,Dabblers,-96,-101,46.5
hebert,MALL,Dabblers,-93,-101,46.5
hebert,MALL,Dabblers,-91,-101,46.5
hebert,MALL,Dabblers,-166.97,-118.25,61.5
hebert,MALL,Dabblers,-151,-118.25,61.5
hebert,MALL,Dabblers,-158.37,-118.25,61.5
hebert,MALL,Dabblers,-169.43,-118.25,61.5
hebert,MALL,Dabblers,-184.86,-118.25,61.5
hebert,MALL,Dabblers,-183.61,-118.25,61.5
hebert,MALL,Dabblers,-185.57,-118.25,61.5
hebert,MALL,Dabblers,-181.97,-118.25,61.5
hebert,MALL,Dabblers,-176.94,-118.25,61.5
hebert,MALL,Dabblers,-182,-125.45,65.25
hebert,MALL,Dabblers,-190,-125.45,65.25
hebert,MALL,Dabblers,-193,-125.45,65.25
hebert,MALL,Dabblers,-176.8,-125.45,65.25
hebert,MALL,Dabblers,-180.83,-125.45,65.25
hebert,MALL,Dabblers,-181.74,-125.45,65.25
hebert,MALL,Dabblers,-188.62,-125.45,65.25
hebert,MALL,Dabblers,-181.72,-125.45,65.25
hebert,MALL,Dabblers,-122.74,-102.25,54
hebert,MALL,Dabblers,-246.82,-102.25,54
hebert,MALL,Dabblers,-147.31,-102.25,54
hebert,MALL,Dabblers,-147.31,-102.25,54
hebert,MALL,Dabblers,-245.59,-102.25,54
hebert,MALL,Dabblers,-216.11,-102.25,54
hebert,MALL,Dabblers,-169.24,-102.25,54
hebert,MALL,Dabblers,-159.39,-102.25,54
hebert,MALL,Dabblers,-159.85,-102.25,54
hebert,MALL,Dabblers,-179.34,-102.25,54
hebert,MALL,Dabblers,-165.17,-102.25,54
hebert,MALL,Dabblers,-150,-108.3,53.1
hebert,MALL,Dabblers,-157,-108.3,53.1
hebert,MALL,Dabblers,-159.6,-108.3,53.1
hebert,MALL,Dabblers,-171,-108.3,53.1
hebert,MALL,Dabblers,-161,-108.3,53.1
hebert,MALL,Dabblers,-101,-104.8,52.25
hebert,MALL,Dabblers,-107,-104.8,52.25
hebert,MALL,Dabblers,-110,-104.8,52.25
hebert,MALL,Dabblers,-133,-104.8,52.25
hebert,MALL,Dabblers,-104,-104.8,52.25
hebert,MALL,Dabblers,-169.43,-109.3,51.5
hebert,MALL,Dabblers,-169.43,-109.3,51.5
hebert,MALL,Dabblers,-124.26,-109.3,51.5
hebert,MALL,Dabblers,-143.68,-109.3,51.5
hebert,MALL,Dabblers,-129.17,-109.3,51.5
hebert,MALL,Dabblers,-132.93,-109.3,51.5
hebert,MALL,Dabblers,-128.97,-109.3,51.5
hebert,MALL,Dabblers,-162.06,-135,63.4
hebert,MALL,Dabblers,-163.28,-135,63.4
hebert,MALL,Dabblers,-141.17,-135,63.4
hebert,MALL,Dabblers,-149.77,-135,63.4
hebert,MALL,Dabblers,-137.49,-135,63.4
hebert,MALL,Dabblers,-148.54,-135,63.4
hebert,NOPI,Dabblers,-141,-112.9,52.45
hebert,NOPI,Dabblers,-129,-112.9,52.45
hebert,MALL,Dabblers,-146,-112.9,52.45
hebert,MALL,Dabblers,-124,-112.9,52.45
hebert,NOPI,Dabblers,-148.54,-111.8,49.37
hebert,NOPI,Dabblers,-154.88,-111.8,49.37
hebert,MALL,Dabblers,-129,-108.45,53.17
hebert,MALL,Dabblers,-130.49,-108.45,53.17
hebert,MALL,Dabblers,-131.24,-108.45,53.17
hebert,MALL,Dabblers,-126.47,-108.45,53.17
hebert,MALL,Dabblers,-126.04,-108.45,53.17
hebert,MALL,Dabblers,-133.84,-108.45,53.17
hebert,MALL,Dabblers,-130,-113,53.33
hebert,MALL,Dabblers,-206,-113,53.33
hebert,MALL,Dabblers,-255,-113,53.33
hebert,MALL,Dabblers,-86,-116.63,49.23
hebert,NOPI,Dabblers,-126.99,-106.7,50.4
hebert,NOPI,Dabblers,-119.36,-106.7,50.4
hebert,MALL,Dabblers,-125.12,-106.7,50.4
hebert,MALL,Dabblers,-122.52,-106.7,50.4
hebert,MALL,Dabblers,-150.23,-112.83,52.17
hebert,MALL,Dabblers,-146.6,-112.83,52.17
hebert,MALL,Dabblers,-147.74,-112.83,52.17
hebert,MALL,Dabblers,-131.56,-121.3,41.83
hebert,MALL,Dabblers,-128,-121.3,41.83
hebert,MALL,Dabblers,-136.82,-121.3,41.83
hebert,MALL,Dabblers,-130.24,-121.3,41.83
hebert,MALL,Dabblers,-124.78,-121.3,41.83
hebert,MALL,Dabblers,-126.5,-100.8,49.6
hebert,MALL,Dabblers,-137.47,-100.8,49.6
hebert,MALL,Dabblers,-111.52,-100.33,49.26
hebert,MALL,Dabblers,-111.7,-100.33,49.26
hebert,MALL,Dabblers,-113.1,-103.5,44
hebert,MALL,Dabblers,-128.65,-103.5,44
hebert,MALL,Dabblers,-136.25,-103.5,44
hebert,MALL,Dabblers,-137.22,-103.5,44
hebert,MALL,Dabblers,-110.46,-103.5,44
hebert,MALL,Dabblers,-114.81,-102.33,48.33
hebert,MALL,Dabblers,-116.29,-102.33,48.33
hebert,MALL,Dabblers,-117.36,-102.33,48.33
hebert,MALL,Dabblers,-112.61,-102.33,48.33
hebert,MALL,Dabblers,-116.74,-102.33,48.33
hebert,MALL,Dabblers,-108.38,-99,46
hebert,MALL,Dabblers,-101.22,-99,46
hebert,MALL,Dabblers,-97.01,-99,46
hebert,MALL,Dabblers,-109.77,-99,46
hebert,MALL,Dabblers,-110.57,-99,46
dijk,MALL,Dabblers,-134.5,27.359444,63.149444
dijk,MALL,Dabblers,-134.9,27.359444,63.149444
dijk,MALL,Dabblers,-142.4,27.359444,63.149444
dijk,MALL,Dabblers,-132.3,27.359444,63.149444
dijk,MALL,Dabblers,-132.1,27.359444,63.149444
dijk,MALL,Dabblers,-132.7,27.359444,63.149444
dijk,MALL,Dabblers,-136.3,27.359444,63.149444
dijk,MALL,Dabblers,-131.9,27.359444,63.149444
dijk,MALL,Dabblers,-145.6,27.359444,63.149444
dijk,MALL,Dabblers,-135.5,27.359444,63.149444
dijk,MALL,Dabblers,-139.5,27.359444,63.149444
dijk,MALL,Dabblers,-139.2,27.359444,63.149444
dijk,MALL,Dabblers,-143.5,27.359444,63.149444
dijk,MALL,Dabblers,-139.6,27.359444,63.149444
dijk,MALL,Dabblers,-140.6,27.359444,63.149444
dijk,MALL,Dabblers,-140.3,27.359444,63.149444
dijk,MALL,Dabblers,-125.4,27.359444,63.149444
dijk,MALL,Dabblers,-144.7,27.359444,63.149444
dijk,MALL,Dabblers,-136.2,27.359444,63.149444
dijk,MALL,Dabblers,-129.6,27.359444,63.149444
dijk,MALL,Dabblers,-124.8,10.8325,59.880833
dijk,MALL,Dabblers,-127.7,10.8325,59.880833
dijk,MALL,Dabblers,-108.3,10.8325,59.880833
dijk,MALL,Dabblers,-107.1,10.8325,59.880833
dijk,MALL,Dabblers,-120.7,10.8325,59.880833
dijk,MALL,Dabblers,-114,10.800278,59.92
dijk,MALL,Dabblers,-108,23.005556,56.968889
dijk,MALL,Dabblers,-108.9,23.005556,56.968889
dijk,MALL,Dabblers,-117.5,23.005556,56.968889
dijk,MALL,Dabblers,-119.5,23.005556,56.968889
dijk,MALL,Dabblers,-101.3,23.090833,57.283611
dijk,MALL,Dabblers,-121.2,39.233333,55.883333
dijk,MALL,Dabblers,-132.2,39.233333,55.883333
dijk,MALL,Dabblers,-110.9,39.233333,55.883333
dijk,MALL,Dabblers,-130.9,39.233333,55.883333
dijk,MALL,Dabblers,-132.8,39.233333,55.883333
dijk,MALL,Dabblers,-123.6,39.233333,55.883333
dijk,MALL,Dabblers,-131.3,39.233333,55.883333
dijk,MALL,Dabblers,-123.9,39.316667,55.816667
dijk,MALL,Dabblers,-128,39.316667,55.816667
dijk,MALL,Dabblers,-127.9,39.316667,55.816667
dijk,MALL,Dabblers,-132,39.316667,55.816667
dijk,MALL,Dabblers,-96.6,19.0371,53.9181
dijk,MALL,Dabblers,-116.5,19.0371,53.9181
dijk,MALL,Dabblers,-115,18.5902,54.3151
dijk,MALL,Dabblers,-115.4,18.5902,54.3151
dijk,MALL,Dabblers,-114,18.5902,54.3151
dijk,MALL,Dabblers,-113.3,19.5641,53.5945
dijk,MALL,Dabblers,-102.7,19.7565,53.5032
dijk,MALL,Dabblers,-103,20.4316,52.0571
dijk,MALL,Dabblers,-98.3,20.4316,52.0571
dijk,MALL,Dabblers,-111.9,20.4316,52.0571
dijk,MALL,Dabblers,-84.9,20.9803,52.2843
dijk,MALL,Dabblers,-115.4,20.9803,52.2843
dijk,MALL,Dabblers,-108.4,20.9803,52.2843
dijk,MALL,Dabblers,-103.5,20.9803,52.2843
dijk,MALL,Dabblers,-97.3,20.9803,52.2843
dijk,MALL,Dabblers,-121.3,18.5799,54.3178
dijk,MALL,Dabblers,-113.2,18.5799,54.3178
dijk,MALL,Dabblers,-119.3,15.2636,54.0643
dijk,MALL,Dabblers,-107,17.0383,54.4599
dijk,MALL,Dabblers,-108.9,19.959,53.7038
dijk,MALL,Dabblers,-117.1,19.959,53.7038
dijk,MALL,Dabblers,-94.7,19.959,53.7038
dijk,MALL,Dabblers,-89.5,20.8789,53.0222
dijk,MALL,Dabblers,-108.3,20.1395,51.9599
dijk,MALL,Dabblers,-106.9,19.2845,51.9686
dijk,MALL,Dabblers,-102.7,17.504,51.974
dijk,MALL,Dabblers,-102.1,4.723889,51.877222
dijk,MALL,Dabblers,-98.6,4.723889,51.877222
dijk,MALL,Dabblers,-99.2,4.723889,51.877222
dijk,MALL,Dabblers,-98.3,4.723889,51.877222
dijk,MALL,Dabblers,-97.4,4.723889,51.877222
dijk,MALL,Dabblers,-89.4,4.723889,51.877222
dijk,MALL,Dabblers,-90.8,4.723889,51.877222
dijk,MALL,Dabblers,-88.8,4.723889,51.877222
dijk,MALL,Dabblers,-97.6,4.723889,51.877222
dijk,MALL,Dabblers,-89.7,4.723889,51.877222
dijk,MALL,Dabblers,-92.2,4.723889,51.877222
dijk,MALL,Dabblers,-90.4,4.723889,51.877222
dijk,MALL,Dabblers,-90.1,4.723889,51.877222
dijk,MALL,Dabblers,-100.2,4.723889,51.877222
dijk,MALL,Dabblers,-94.7,4.723889,51.877222
dijk,MALL,Dabblers,-96.6,4.723889,51.877222
dijk,MALL,Dabblers,-97.7,4.723889,51.877222
dijk,MALL,Dabblers,-97.9,4.723889,51.877222
dijk,MALL,Dabblers,-108.6,4.723889,51.877222
dijk,MALL,Dabblers,-99.5,4.723889,51.877222
dijk,MALL,Dabblers,-110.6,4.723889,51.877222
dijk,MALL,Dabblers,-92.3,4.723889,51.877222
dijk,MALL,Dabblers,-116.5,4.723889,51.877222
dijk,MALL,Dabblers,-107.9,4.723889,51.877222
dijk,MALL,Dabblers,-107.8,4.723889,51.877222
dijk,MALL,Dabblers,-117.7,4.723889,51.877222
dijk,MALL,Dabblers,-111.8,4.723889,51.877222
dijk,MALL,Dabblers,-107.6,4.723889,51.877222
dijk,MALL,Dabblers,-88.6,4.723889,51.877222
dijk,MALL,Dabblers,-91.7,4.723889,51.877222
dijk,MALL,Dabblers,-103.8,4.723889,51.877222
dijk,MALL,Dabblers,-85.9,4.723889,51.877222
dijk,MALL,Dabblers,-100.9,4.723889,51.877222
dijk,MALL,Dabblers,-103.4,4.723889,51.877222
dijk,MALL,Dabblers,-89.8,4.723889,51.877222
dijk,MALL,Dabblers,-87.8,4.723889,51.877222
dijk,MALL,Dabblers,-86.1,4.723889,51.877222
dijk,MALL,Dabblers,-94,4.723889,51.877222
dijk,MALL,Dabblers,-106.7,4.723889,51.877222
dijk,MALL,Dabblers,-115.2,4.942222,52.894167
dijk,MALL,Dabblers,-102.5,4.942222,52.894167
dijk,MALL,Dabblers,-101.8,4.942222,52.894167
dijk,MALL,Dabblers,-114.7,4.942222,52.894167
dijk,MALL,Dabblers,-99.9,4.942222,52.894167
dijk,MALL,Dabblers,-82.4,4.942222,52.894167
dijk,MALL,Dabblers,-111.1,4.942222,52.894167
dijk,MALL,Dabblers,-109.6,4.942222,52.894167
dijk,MALL,Dabblers,-91.1,4.942222,52.894167
dijk,MALL,Dabblers,-92.9,4.942222,52.894167
dijk,MALL,Dabblers,-97.2,4.942222,52.894167
dijk,MALL,Dabblers,-109.2,4.942222,52.894167
dijk,MALL,Dabblers,-97.7,4.942222,52.894167
dijk,MALL,Dabblers,-110.8,4.942222,52.894167
dijk,MALL,Dabblers,-88.9,4.942222,52.894167
dijk,MALL,Dabblers,-83.8,4.942222,52.894167
dijk,MALL,Dabblers,-93.2,4.942222,52.894167
dijk,MALL,Dabblers,-112.9,4.942222,52.894167
dijk,MALL,Dabblers,-96.4,-2.405833,51.741667
dijk,MALL,Dabblers,-93.1,3.868611,50.750556
dijk,MALL,Dabblers,-101.3,3.868611,50.750556
dijk,MALL,Dabblers,-93.8,3.532222,50.760833
dijk,MALL,Dabblers,-97.9,3.532222,50.760833
dijk,MALL,Dabblers,-94.1,3.532222,50.760833
dijk,MALL,Dabblers,-105,3.532222,50.760833
dijk,MALL,Dabblers,-79.7,4.261944,51.015833
dijk,MALL,Dabblers,-77.5,4.261944,51.015833
dijk,MALL,Dabblers,-68.1,4.261944,51.015833
dijk,MALL,Dabblers,-86.2,4.261944,51.015833
dijk,MALL,Dabblers,-89.5,4.311667,51.166389
dijk,MALL,Dabblers,-91.6,4.311667,51.166389
dijk,MALL,Dabblers,-90.5,4.311667,51.166389
dijk,MALL,Dabblers,-95,4.666389,50.828333
dijk,MALL,Dabblers,-79.1,4.666389,50.828333
dijk,MALL,Dabblers,-96.9,4.666389,50.828333
dijk,MALL,Dabblers,-86.2,4.666389,50.828333
dijk,MALL,Dabblers,-91.4,4.666389,50.828333
dijk,MALL,Dabblers,-65.9,4.666389,50.828333
dijk,MALL,Dabblers,-82.9,4.666389,50.828333
dijk,MALL,Dabblers,-89.4,4.666389,50.828333
dijk,MALL,Dabblers,-72.4,4.666389,50.828333
dijk,MALL,Dabblers,-97.7,4.806389,50.9375
dijk,MALL,Dabblers,-75.7,4.806389,50.9375
dijk,MALL,Dabblers,-87.6,4.806389,50.9375
dijk,MALL,Dabblers,-92.6,4.806389,50.9375
dijk,MALL,Dabblers,-93.5,4.806389,50.9375
dijk,MALL,Dabblers,-95.3,4.806389,50.9375
dijk,MALL,Dabblers,-85.1,4.806389,50.9375
dijk,MALL,Dabblers,-92.8,4.806389,50.9375
dijk,MALL,Dabblers,-75.2,4.806389,50.9375
dijk,MALL,Dabblers,-118,11.708889,48.20667
dijk,MALL,Dabblers,-122.2,11.708889,48.20667
dijk,MALL,Dabblers,-119.6,11.708889,48.20667
dijk,MALL,Dabblers,-89,17.975556,46.981389
dijk,MALL,Dabblers,-104.6,19.058611,47.603333
dijk,MALL,Dabblers,-102.3,19.058611,47.603333
dijk,MALL,Dabblers,-106.4,19.058611,47.603333
dijk,MALL,Dabblers,-110.4,19.058611,47.603333
dijk,MALL,Dabblers,-106.2,19.058611,47.603333
dijk,MALL,Dabblers,-110.4,8.156111,47.143611
dijk,MALL,Dabblers,-109,8.156111,47.143611
dijk,MALL,Dabblers,-102.6,8.156111,47.143611
dijk,MALL,Dabblers,-101,8.156111,47.143611
dijk,MALL,Dabblers,-100.7,8.156111,47.143611
dijk,MALL,Dabblers,-101.5,8.156111,47.143611
dijk,MALL,Dabblers,-103.2,8.156111,47.143611
dijk,MALL,Dabblers,-103.5,8.156111,47.143611
dijk,MALL,Dabblers,-104.6,8.156111,47.143611
dijk,MALL,Dabblers,-96,8.156111,47.143611
dijk,MALL,Dabblers,-99.5,8.156111,47.143611
dijk,MALL,Dabblers,-99.9,8.156111,47.143611
dijk,MALL,Dabblers,-113.9,8.156111,47.143611
dijk,MALL,Dabblers,-114.8,8.156111,47.143611
dijk,MALL,Dabblers,-110.4,8.156111,47.143611
dijk,MALL,Dabblers,-114.7,8.156111,47.143611
dijk,MALL,Dabblers,-116.3,8.156111,47.143611
dijk,MALL,Dabblers,-120.8,8.156111,47.143611
dijk,MALL,Dabblers,-113.5,8.156111,47.143611
dijk,MALL,Dabblers,-117.7,8.156111,47.143611
dijk,MALL,Dabblers,-115.9,8.156111,47.143611
dijk,MALL,Dabblers,-117.4,8.156111,47.143611
dijk,MALL,Dabblers,-103,12.257778,44.393889
dijk,MALL,Dabblers,-108.4,11.345278,44.399167
dijk,MALL,Dabblers,-92.1,11.345278,44.399167
dijk,MALL,Dabblers,-90.4,2.254167,41.930278
dijk,MALL,Dabblers,-86.8,2.254167,41.930278
dijk,MALL,Dabblers,-102,2.254167,41.930278
dijk,MALL,Dabblers,-105.5,2.254167,41.930278
dijk,MALL,Dabblers,-84.5,2.254167,41.930278
dijk,MALL,Dabblers,-78.4,-7.548611,40.6875
dijk,MALL,Dabblers,-80.6,-7.548611,40.6875
dijk,MALL,Dabblers,-79.4,-7.548611,40.6875
dijk,MALL,Dabblers,-81.4,-7.548611,40.6875
dijk,MALL,Dabblers,-78.9,-7.548611,40.6875
dijk,MALL,Dabblers,-81,-7.548611,40.6875
